[{"fields":[{"dateFormatType":"timestamp-ms","description":"CMS 系统字段，请勿随意修改。通过 CMS 系统录入的数据会默认添加该字段","displayName":"创建时间","id":"_createTime","isSystem":true,"name":"_createTime","type":"DateTime"},{"dateFormatType":"timestamp-ms","description":"CMS 系统字段，请勿随意修改。通过 CMS 系统录入的数据会默认添加该字段","displayName":"修改时间","id":"_updateTime","isSystem":true,"name":"_updateTime","type":"DateTime"},{"description":"产品名称","displayName":"名称","id":"opzrkqs8pmbimuoz4g0o4ms04bwdojid","isRequired":true,"name":"name","order":2,"type":"String"},{"copyable":true,"description":"CMS 系统字段，请勿随意修改","displayName":"文档 ID","id":"_id","isHidden":true,"isSystem":true,"name":"_id","type":"String"},{"description":"产品封面图片","displayName":"封面","id":"gwg8k71ha8o5nrcgwozx3fjyluzcpyd6","isRequired":true,"name":"cover","order":4,"resourceLinkType":"https","type":"Image"},{"description":"产品内容","displayName":"内容","id":"0qe1rkz74e9i7uiaqiyx5kjtbmkm7jy7","isRequired":true,"name":"desc","order":5,"type":"RichText"},{"description":"跳转的 URL 路径","displayName":"URL","id":"bw3fmlsmq0eaejbwsuwz350rc9q9u00k","name":"url","order":6,"type":"Url"}],"collectionName":"product","displayName":"产品","description":"产品列表","_id":"b00064a760da7b95237ab6781157e6c7"},{"fields":[{"dateFormatType":"timestamp-ms","description":"CMS 系统字段，请勿随意修改。通过 CMS 系统录入的数据会默认添加该字段","displayName":"创建时间","id":"_createTime","isSystem":true,"name":"_createTime","type":"DateTime"},{"dateFormatType":"timestamp-ms","description":"CMS 系统字段，请勿随意修改。通过 CMS 系统录入的数据会默认添加该字段","displayName":"修改时间","id":"_updateTime","isSystem":true,"name":"_updateTime","type":"DateTime"},{"description":"新闻标题","displayName":"标题","id":"eln1ujhz0xrze2azx2p62mz4dbn84myp","isRequired":true,"name":"title","order":2,"type":"String"},{"copyable":true,"description":"CMS 系统字段，请勿随意修改","displayName":"文档 ID","id":"_id","isHidden":true,"isSystem":true,"name":"_id","type":"String"},{"description":"新闻封面","displayName":"封面","id":"v2o7r0v0e63wwiif71f2iskw0kdr9q2k","isRequired":false,"name":"cover","order":4,"resourceLinkType":"https","type":"Image"},{"description":"新闻内容","displayName":"内容","id":"8s0wmv4ljog6iy3z263o73ovmlafr2x7","isRequired":true,"name":"desc","order":5,"type":"RichText"}],"collectionName":"news","displayName":"新闻","description":"公司新闻","_id":"79550af260db3ad822efec725bf4deb9"},{"fields":[{"dateFormatType":"timestamp-ms","description":"CMS 系统字段，请勿随意修改。通过 CMS 系统录入的数据会默认添加该字段","displayName":"创建时间","id":"_createTime","isSystem":true,"name":"_createTime","type":"DateTime"},{"dateFormatType":"timestamp-ms","description":"CMS 系统字段，请勿随意修改。通过 CMS 系统录入的数据会默认添加该字段","displayName":"修改时间","id":"_updateTime","isSystem":true,"name":"_updateTime","type":"DateTime"},{"description":"案例标题","displayName":"标题","id":"zc7v0xhs37s4emq8jub933ksj27rdl1e","isRequired":true,"name":"title","order":2,"type":"String"},{"copyable":true,"description":"CMS 系统字段，请勿随意修改","displayName":"文档 ID","id":"_id","isHidden":true,"isSystem":true,"name":"_id","type":"String"},{"description":"案例封面图片","displayName":"封面","id":"8z3oi9hw7bg24mg4cm3qsm80pt17ad0m","isRequired":true,"name":"cover","order":4,"resourceLinkType":"https","type":"Image"},{"description":"案例内容","displayName":"内容","id":"a0n5fx4ydfffnshhfgpqmqw31n4ev0et","isRequired":true,"name":"desc","order":5,"type":"RichText"},{"defaultValue":"","description":"跳转的 URL 路径","displayName":"URL","id":"utx9xcs6cgdvwxmhbpuz3qo3i5ykhm4h","isRequired":false,"name":"url","order":6,"type":"Url"}],"collectionName":"case","displayName":"案例","description":"案例","_id":"cbddf0af60dc694f13b4a23749be328f"},{"fields":[{"dateFormatType":"timestamp-ms","description":"CMS 系统字段，请勿随意修改。通过 CMS 系统录入的数据会默认添加该字段","displayName":"创建时间","id":"_createTime","isSystem":true,"name":"_createTime","type":"DateTime"},{"dateFormatType":"timestamp-ms","description":"CMS 系统字段，请勿随意修改。通过 CMS 系统录入的数据会默认添加该字段","displayName":"修改时间","id":"_updateTime","isSystem":true,"name":"_updateTime","type":"DateTime"},{"description":"首页标题","displayName":"标题","id":"y4xy2toak23ss5isyey8mmxiwr2ua38u","isRequired":true,"name":"title","order":2,"type":"String"},{"copyable":true,"description":"CMS 系统字段，请勿随意修改","displayName":"文档 ID","id":"_id","isHidden":true,"isSystem":true,"name":"_id","type":"String"},{"description":"描述标题","displayName":"描述","id":"dl0xefedszovjv349z03kglpucv2x3pb","isRequired":true,"name":"desc","order":4,"type":"MultiLineString"},{"description":"首页轮播图","displayName":"图片","id":"be1449ci5clhavc4t8o7ejf6uo7e3cx8","isRequired":true,"name":"cover","order":5,"resourceLinkType":"https","type":"Image"}],"collectionName":"banner","displayName":"首页","description":"首页 banner 图","_id":"28ee4e3e60e136f1278a34c432634aec"}]